material_id,material_description,plant_id,storage_location,batch_id,quantity,unit,supplier_id,purchase_order_id,goods_receipt_id,last_updated,status,composition_grade
MAT-10001,Cold Rolled Steel Sheet 2mm,CHN2,RM-A1,B-10001-01,2000,KG,SUP-401,PO-7801,TXN-900002,2026-08-14,AVAILABLE,GRADE_A
MAT-10002,Hex Bolt M8x40 Zinc Plated,CHN2,RM-B1,B-10002-01,5000,EA,SUP-481,PO-7822,TXN-900003,2026-08-24,AVAILABLE,GRADE_B
MAT-10003,Aluminum Extrusion Profile 40x40,CHN2,RM-A2,B-10003-01,240,EA,SUP-402,PO-7803,TXN-900004,2026-09-07,AVAILABLE,GRADE_A
MAT-10004,Bearing 6205ZZ,CHN2,RM-A1,B-10004-01,500,EA,SUP-403,PO-7804,TXN-900005,2026-08-27,AVAILABLE,GRADE_C
MAT-10005,Rubber Gasket 45mm,CHN2,RM-A1,B-10005-01,500,EA,SUP-403,PO-7805,TXN-900007,2026-08-27,AVAILABLE,GRADE_B
MAT-10006,PCB Assembly Rev C,CHN2,FG-D1,B-10006-01,2060,EA,SUP-404,PO-7806,TXN-900008,2026-09-19,AVAILABLE,GRADE_A
MAT-10007,Motor Housing Casting,CHN2,WH-C1,B-10007-01,150,EA,SUP-405,PO-7807,TXN-900010,2026-09-03,AVAILABLE,GRADE_A
MAT-10008,Wiring Harness Type A,CHN2,RM-B2,B-10008-01,300,EA,SUP-403,PO-7841,TXN-900011,2026-09-07,AVAILABLE,GRADE_A
MAT-10009,Thermal Paste 100g Tube,CHN2,RM-B1,B-10009-01,100,EA,SUP-406,PO-7809,TXN-900013,2026-09-06,AVAILABLE,GRADE_A
MAT-10010,Powder Coat Paint Black RAL9005,CHN2,QC-HOLD,B-10010-01,180,KG,SUP-407,PO-7810,TXN-900014,2026-09-04,AVAILABLE,GRADE_A
MAT-10011,Bearing 6206ZZ,CHN2,RM-A1,B-10011-01,550,EA,SUP-408,PO-7811,TXN-900015,2026-09-05,AVAILABLE,GRADE_A
MAT-10012,Bearing 6207ZZ,CHN2,RM-A1,B-10012-01,550,EA,SUP-408,PO-7823,TXN-900018,2026-09-05,AVAILABLE,GRADE_A
MAT-10013,Hydraulic Seal Kit 25mm,CHN2,RM-B1,B-10013-01,90,EA,SUP-409,PO-7813,TXN-900020,2026-09-08,AVAILABLE,GRADE_A
MAT-10014,Hydraulic Seal Kit 32mm,CHN2,RM-B1,B-10014-01,60,EA,SUP-409,PO-7814,TXN-900021,2026-09-12,AVAILABLE,GRADE_B
MAT-10015,Rubber O-Ring 20mm,CHN2,RM-B2,B-10015-01,800,EA,SUP-410,PO-7815,TXN-900022,2026-09-19,AVAILABLE,GRADE_B
MAT-10016,Aluminum Sheet 3mm,CHN2,WH-C1,B-10016-01,300,KG,SUP-411,PO-7816,TXN-900024,2026-09-11,AVAILABLE,GRADE_B
MAT-10017,Circuit Breaker 32A,CHN2,RM-B1,B-10017-01,225,EA,SUP-412,PO-7817,TXN-900026,2026-09-15,AVAILABLE,GRADE_A
MAT-10018,Stainless Steel Bracket,CHN2,WH-C2,B-10018-01,400,EA,SUP-413,PO-7818,TXN-900028,2026-09-09,AVAILABLE,GRADE_A
MAT-10019,Ball Valve 1 Inch,CHN2,WH-C2,B-10019-01,250,EA,SUP-405,PO-7819,TXN-900029,2026-09-11,AVAILABLE,GRADE_A
MAT-10020,Terminal Block 12-Way,CHN2,FG-D2,B-10020-01,500,EA,SUP-414,PO-7820,TXN-900030,2026-09-01,AVAILABLE,GRADE_A
MAT-10021,Terminal Block 16-Way,CHN2,FG-D2,B-10021-01,500,EA,SUP-414,PO-7821,TXN-900031,2026-09-01,AVAILABLE,GRADE_A
MAT-10022,Gear Box Assembly GX-200,CHN2,RM-B1,B-10022-01,720,EA,SUP-415,PO-7830,TXN-900032,2026-09-10,AVAILABLE,GRADE_B
MAT-10023,Pressure Sensor PS-100,CHN2,RM-B2,B-10023-01,120,EA,SUP-409,PO-7831,TXN-900035,2026-08-27,AVAILABLE,GRADE_B
MAT-10024,Valve Actuator VA-50,CHN2,RM-A1,B-10024-01,295,EA,SUP-416,PO-7824,TXN-900036,2026-09-18,AVAILABLE,GRADE_A
MAT-10025,Control Panel Enclosure CP-40,CHN2,FG-D1,B-10025-01,140,EA,SUP-417,PO-7825,TXN-900038,2026-09-16,AVAILABLE,GRADE_A
MAT-10026,Valve Actuator VA-60,CHN2,RM-A1,B-10026-01,295,EA,SUP-416,PO-7826,TXN-900039,2026-09-18,AVAILABLE,GRADE_A
MAT-10027,Sensor Cable Assembly SC-10,CHN2,RM-B2,B-10027-01,400,EA,SUP-419,PO-7827,TXN-900040,2026-09-03,AVAILABLE,GRADE_A
MAT-10028,Sensor Cable Assembly SC-20,CHN2,RM-B2,B-10028-01,400,EA,SUP-419,PO-7828,TXN-900041,2026-09-03,AVAILABLE,GRADE_A
MAT-10029,Gasket Set GS-15,CHN2,WH-C1,B-10029-01,180,EA,SUP-420,PO-7829,TXN-900042,2026-09-05,AVAILABLE,GRADE_A
MAT-10030,Gasket Set GS-25,CHN2,WH-C1,B-10030-01,180,EA,SUP-420,PO-7832,TXN-900043,2026-09-05,AVAILABLE,GRADE_A
MAT-10031,Aluminum Sheet 4mm,CHN2,WH-C1,B-10031-01,300,KG,SUP-411,PO-7833,TXN-900044,2026-09-11,AVAILABLE,GRADE_A
MAT-10032,Cold Rolled Steel Sheet 3mm,CHN2,RM-A1,B-10032-01,150,KG,SUP-422,PO-7910,TXN-900045,2026-08-09,AVAILABLE,GRADE_A
MAT-10032,Cold Rolled Steel Sheet 3mm,CHN2,RM-B2,B-10032-02,90,KG,SUP-422,PO-7910,TXN-900046,2026-08-22,AVAILABLE,GRADE_A
MAT-10033,Hex Nut M8 Zinc Plated,CHN2,RM-A2,B-10033-01,150,EA,SUP-419,PO-7911,TXN-900051,2026-08-05,AVAILABLE,GRADE_B
MAT-10033,Hex Nut M8 Zinc Plated,CHN2,WH-C1,B-10033-02,140,EA,SUP-419,PO-7911,TXN-900052,2026-08-16,AVAILABLE,GRADE_B
MAT-10034,Aluminum Extrusion Profile 20x20,CHN2,RM-B1,B-10034-01,150,EA,SUP-420,PO-7912,TXN-900055,2026-08-19,AVAILABLE,GRADE_A
MAT-10034,Aluminum Extrusion Profile 20x20,CHN2,WH-C2,B-10034-02,110,EA,SUP-420,PO-7912,TXN-900056,2026-08-26,AVAILABLE,GRADE_A
MAT-10035,Bearing 6204ZZ,CHN2,RM-B2,B-10035-01,80,EA,SUP-410,PO-7913,TXN-900061,2026-08-15,AVAILABLE,GRADE_B
MAT-10035,Bearing 6204ZZ,CHN2,FG-D1,B-10035-02,110,EA,SUP-410,PO-7913,TXN-900062,2026-08-21,AVAILABLE,GRADE_A
MAT-10036,Rubber Gasket 60mm,CHN2,WH-C1,B-10036-01,80,EA,SUP-414,PO-7914,TXN-900065,2026-07-20,AVAILABLE,GRADE_B
MAT-10036,Rubber Gasket 60mm,CHN2,FG-D2,B-10036-02,60,EA,SUP-414,PO-7914,TXN-900066,2026-07-29,AVAILABLE,GRADE_C
MAT-10037,PCB Assembly Rev D,CHN2,WH-C2,B-10037-01,80,EA,SUP-401,PO-7915,TXN-900071,2026-07-29,AVAILABLE,GRADE_A
MAT-10037,PCB Assembly Rev D,CHN2,STAGING-1,B-10037-02,40,EA,SUP-401,PO-7915,TXN-900072,2026-08-12,AVAILABLE,GRADE_A
MAT-10038,Motor Housing Casting Small,CHN2,FG-D1,B-10038-01,150,EA,SUP-409,PO-7916,TXN-900075,2026-08-04,AVAILABLE,GRADE_A
MAT-10038,Motor Housing Casting Small,CHN2,STAGING-2,B-10038-02,140,EA,SUP-409,PO-7916,TXN-900076,2026-08-18,AVAILABLE,GRADE_A
MAT-10039,Wiring Harness Type C,CHN2,FG-D2,B-10039-01,120,EA,SUP-405,PO-7917,TXN-900081,2026-08-11,AVAILABLE,GRADE_A
MAT-10039,Wiring Harness Type C,CHN2,RM-A1,B-10039-02,140,EA,SUP-405,PO-7917,TXN-900082,2026-08-25,AVAILABLE,GRADE_A
MAT-10040,Thermal Paste 50g Tube,CHN2,STAGING-1,B-10040-01,120,EA,SUP-411,PO-7918,TXN-900085,2026-07-27,AVAILABLE,GRADE_C
MAT-10040,Thermal Paste 50g Tube,CHN2,RM-A2,B-10040-02,40,EA,SUP-411,PO-7918,TXN-900086,2026-07-31,AVAILABLE,GRADE_A
MAT-10041,Powder Coat Paint White RAL9010,CHN2,STAGING-2,B-10041-01,120,KG,SUP-418,PO-7919,TXN-900091,2026-07-30,AVAILABLE,GRADE_B
MAT-10041,Powder Coat Paint White RAL9010,CHN2,RM-B1,B-10041-02,110,KG,SUP-418,PO-7919,TXN-900092,2026-08-09,AVAILABLE,GRADE_C
MAT-10042,Stainless Steel Bracket Heavy Duty,CHN2,RM-A1,B-10042-01,60,EA,SUP-416,PO-7920,TXN-900095,2026-07-27,AVAILABLE,GRADE_A
MAT-10042,Stainless Steel Bracket Heavy Duty,CHN2,RM-B2,B-10042-02,110,EA,SUP-416,PO-7920,TXN-900096,2026-08-04,AVAILABLE,GRADE_B
MAT-10043,Ball Valve 2 Inch,CHN2,RM-A2,B-10043-01,150,EA,SUP-415,PO-7921,TXN-900101,2026-07-27,AVAILABLE,GRADE_A
MAT-10043,Ball Valve 2 Inch,CHN2,WH-C1,B-10043-02,140,EA,SUP-415,PO-7921,TXN-900102,2026-08-09,AVAILABLE,GRADE_B
MAT-10044,Terminal Block 8-Way,CHN2,RM-B1,B-10044-01,150,EA,SUP-412,PO-7922,TXN-900105,2026-08-07,AVAILABLE,GRADE_A
MAT-10044,Terminal Block 8-Way,CHN2,WH-C2,B-10044-02,140,EA,SUP-412,PO-7922,TXN-900106,2026-08-14,AVAILABLE,GRADE_A
MAT-10045,Gear Box Assembly GX-100,CHN2,RM-B2,B-10045-01,200,EA,SUP-404,PO-7923,TXN-900111,2026-08-17,AVAILABLE,GRADE_A
MAT-10045,Gear Box Assembly GX-100,CHN2,FG-D1,B-10045-02,40,EA,SUP-404,PO-7923,TXN-900112,2026-08-31,AVAILABLE,GRADE_A
MAT-10046,Pressure Sensor PS-200,CHN2,WH-C1,B-10046-01,80,EA,SUP-417,PO-7924,TXN-900115,2026-07-21,AVAILABLE,GRADE_A
MAT-10046,Pressure Sensor PS-200,CHN2,FG-D2,B-10046-02,90,EA,SUP-417,PO-7924,TXN-900116,2026-07-30,AVAILABLE,GRADE_B
MAT-10047,Valve Actuator VA-40,CHN2,WH-C2,B-10047-01,200,EA,SUP-413,PO-7925,TXN-900121,2026-08-08,AVAILABLE,GRADE_A
MAT-10047,Valve Actuator VA-40,CHN2,STAGING-1,B-10047-02,140,EA,SUP-413,PO-7925,TXN-900122,2026-08-19,AVAILABLE,GRADE_B
MAT-10048,Control Panel Enclosure CP-20,CHN2,FG-D1,B-10048-01,60,EA,SUP-406,PO-7926,TXN-900125,2026-08-01,AVAILABLE,GRADE_A
MAT-10048,Control Panel Enclosure CP-20,CHN2,STAGING-2,B-10048-02,60,EA,SUP-406,PO-7926,TXN-900126,2026-08-07,AVAILABLE,GRADE_A
MAT-10049,Circuit Breaker 16A,CHN2,FG-D2,B-10049-01,200,EA,SUP-421,PO-7927,TXN-900131,2026-08-03,AVAILABLE,GRADE_B
MAT-10049,Circuit Breaker 16A,CHN2,RM-A1,B-10049-02,40,EA,SUP-421,PO-7927,TXN-900132,2026-08-10,AVAILABLE,GRADE_A
MAT-10050,Aluminum Sheet 2mm,CHN2,STAGING-1,B-10050-01,120,KG,SUP-403,PO-7928,TXN-900135,2026-07-30,AVAILABLE,GRADE_A
MAT-10050,Aluminum Sheet 2mm,CHN2,RM-A2,B-10050-02,60,KG,SUP-403,PO-7928,TXN-900136,2026-08-13,AVAILABLE,GRADE_A
MAT-10051,Hydraulic Seal Kit 40mm,CHN2,STAGING-2,B-10051-01,120,EA,SUP-407,PO-7929,TXN-900141,2026-08-20,AVAILABLE,GRADE_A
MAT-10051,Hydraulic Seal Kit 40mm,CHN2,RM-B1,B-10051-02,90,EA,SUP-407,PO-7929,TXN-900142,2026-08-31,AVAILABLE,GRADE_A
