container_id,loading_date,destination,customer_id,material_id,required_quantity,loading_status,priority,required_composition_grade
CNT-5101,2026-10-12,"Rotterdam, NL",CUST-2103,MAT-10001,900,PARTIALLY_READY,MEDIUM,
CNT-5102,2026-09-24,"Hamburg, DE",CUST-2105,MAT-10010,150,ON_HOLD,HIGH,
CNT-5103,2026-09-23,"Jebel Ali, UAE",CUST-2107,MAT-10020,450,PARTIALLY_READY,HIGH,
CNT-5104,2026-10-29,"Singapore, SG",CUST-2108,MAT-10021,400,PLANNED,LOW,
CNT-5105,2026-09-22,"Colombo, LK",CUST-2109,MAT-10027,350,ON_HOLD,HIGH,
CNT-5106,2026-11-02,"Durban, ZA",CUST-2110,MAT-10028,300,PLANNED,LOW,
CNT-5107,2026-09-23,"Felixstowe, UK",CUST-2111,MAT-10029,160,PARTIALLY_READY,HIGH,
CNT-5108,2026-10-24,"Rotterdam, NL",CUST-2112,MAT-10030,140,PLANNED,MEDIUM,
CNT-5109,2026-09-27,"Long Beach, USA",CUST-2101,MAT-10032,40,READY,MEDIUM,
CNT-5110,2026-10-03,"Rotterdam, NL",CUST-2102,MAT-10035,60,PLANNED,MEDIUM,
CNT-5111,2026-10-16,"Singapore, SG",CUST-2106,MAT-10040,100,PLANNED,LOW,
CNT-5112,2026-09-30,"Hamburg, DE",CUST-2104,MAT-10044,30,READY,MEDIUM,
CNT-5113,2026-10-06,"Jebel Ali, UAE",CUST-2112,MAT-10047,55,PLANNED,LOW,
CNT-5201,2026-09-26,"Rotterdam, NL",CUST-2101,MAT-10018,400,READY,LOW,GRADE_A
CNT-5202,2026-09-27,"Hamburg, DE",CUST-2104,MAT-10032,200,PARTIALLY_READY,MEDIUM,GRADE_A
CNT-5203,2026-09-23,"Jebel Ali, UAE",CUST-2107,MAT-10036,80,PARTIALLY_READY,HIGH,GRADE_A
CNT-5204,2026-09-24,"Singapore, SG",CUST-2108,MAT-10033,120,ON_HOLD,HIGH,GRADE_A
CNT-5205,2026-10-01,"Long Beach, USA",CUST-2101,MAT-10013,90,PARTIALLY_READY,MEDIUM,GRADE_A
CNT-5206,2026-09-25,"Colombo, LK",CUST-2109,MAT-10034,200,ON_HOLD,HIGH,GRADE_A
CNT-5207,2026-09-28,"Durban, ZA",CUST-2110,MAT-10019,240,PARTIALLY_READY,MEDIUM,GRADE_A
CNT-5208,2026-09-29,"Felixstowe, UK",CUST-2111,MAT-10035,80,PARTIALLY_READY,MEDIUM,GRADE_A
