bundle_id,material_id,batch_id,quantity,sent_to_logistics,sent_date,status
BND-70001,MAT-10001,B-10001-01,1000,False,,IN_STORAGE
BND-70002,MAT-10001,B-10001-01,1000,True,2026-09-21,LOADED
BND-70003,MAT-10002,B-10002-01,2500,True,2026-09-17,LOADED
BND-70004,MAT-10002,B-10002-01,2500,True,2026-09-17,LOADED
BND-70005,MAT-10003,B-10003-01,240,False,,IN_STORAGE
BND-70006,MAT-10004,B-10004-01,250,True,2026-09-20,LOADED
BND-70007,MAT-10004,B-10004-01,250,False,,IN_STORAGE
BND-70008,MAT-10005,B-10005-01,250,False,,IN_STORAGE
BND-70009,MAT-10005,B-10005-01,250,True,2026-09-20,LOADED
BND-70010,MAT-10006,B-10006-01,2060,False,,IN_STORAGE
BND-70011,MAT-10007,B-10007-01,150,False,,IN_STORAGE
BND-70012,MAT-10008,B-10008-01,300,False,,IN_STORAGE
BND-70013,MAT-10009,B-10009-01,100,False,,IN_STORAGE
BND-70014,MAT-10010,B-10010-01,180,True,2026-09-19,SENT_TO_LOGISTICS
BND-70015,MAT-10011,B-10011-01,550,False,,IN_STORAGE
BND-70016,MAT-10012,B-10012-01,550,False,,IN_STORAGE
BND-70017,MAT-10015,B-10015-01,800,False,,IN_STORAGE
BND-70018,MAT-10016,B-10016-01,300,False,,IN_STORAGE
BND-70019,MAT-10017,B-10017-01,113,False,,IN_STORAGE
BND-70020,MAT-10017,B-10017-01,112,False,,IN_STORAGE
BND-70021,MAT-10020,B-10020-01,500,True,2026-09-21,SENT_TO_LOGISTICS
BND-70022,MAT-10021,B-10021-01,250,False,,IN_STORAGE
BND-70023,MAT-10021,B-10021-01,250,True,2026-09-17,SENT_TO_LOGISTICS
BND-70024,MAT-10022,B-10022-01,360,False,,IN_STORAGE
BND-70025,MAT-10022,B-10022-01,360,False,,IN_STORAGE
BND-70026,MAT-10023,B-10023-01,60,False,,IN_STORAGE
BND-70027,MAT-10023,B-10023-01,60,True,2026-09-18,LOADED
BND-70028,MAT-10024,B-10024-01,295,False,,IN_STORAGE
BND-70029,MAT-10025,B-10025-01,140,False,,IN_STORAGE
BND-70030,MAT-10026,B-10026-01,148,False,,IN_STORAGE
BND-70031,MAT-10026,B-10026-01,147,False,,IN_STORAGE
BND-70032,MAT-10027,B-10027-01,400,False,,IN_STORAGE
BND-70033,MAT-10028,B-10028-01,400,False,,IN_STORAGE
BND-70034,MAT-10029,B-10029-01,90,False,,IN_STORAGE
BND-70035,MAT-10029,B-10029-01,90,True,2026-09-20,LOADED
BND-70036,MAT-10030,B-10030-01,90,False,,IN_STORAGE
BND-70037,MAT-10030,B-10030-01,90,False,,IN_STORAGE
BND-70038,MAT-10031,B-10031-01,300,True,2026-09-17,SENT_TO_LOGISTICS
BND-70039,MAT-10035,B-10035-02,110,True,2026-09-17,SENT_TO_LOGISTICS
BND-70040,MAT-10036,B-10036-02,60,True,2026-09-17,SENT_TO_LOGISTICS
BND-70041,MAT-10037,B-10037-01,40,False,,IN_STORAGE
BND-70042,MAT-10037,B-10037-01,40,False,,IN_STORAGE
BND-70043,MAT-10037,B-10037-02,40,True,2026-09-17,SENT_TO_LOGISTICS
BND-70044,MAT-10038,B-10038-01,150,False,,IN_STORAGE
BND-70045,MAT-10038,B-10038-02,140,False,,IN_STORAGE
BND-70046,MAT-10039,B-10039-01,120,False,,IN_STORAGE
BND-70047,MAT-10039,B-10039-02,70,False,,IN_STORAGE
BND-70048,MAT-10039,B-10039-02,70,True,2026-09-20,LOADED
BND-70049,MAT-10040,B-10040-01,120,True,2026-09-21,SENT_TO_LOGISTICS
BND-70050,MAT-10040,B-10040-02,40,False,,IN_STORAGE
BND-70051,MAT-10041,B-10041-01,60,True,2026-09-18,LOADED
BND-70052,MAT-10041,B-10041-01,60,False,,IN_STORAGE
BND-70053,MAT-10041,B-10041-02,55,True,2026-09-19,SENT_TO_LOGISTICS
BND-70054,MAT-10041,B-10041-02,55,True,2026-09-18,LOADED
BND-70055,MAT-10042,B-10042-01,30,False,,IN_STORAGE
BND-70056,MAT-10042,B-10042-01,30,False,,IN_STORAGE
BND-70057,MAT-10042,B-10042-02,55,False,,IN_STORAGE
BND-70058,MAT-10042,B-10042-02,55,False,,IN_STORAGE
BND-70059,MAT-10043,B-10043-01,150,False,,IN_STORAGE
BND-70060,MAT-10043,B-10043-02,70,False,,IN_STORAGE
BND-70061,MAT-10043,B-10043-02,70,False,,IN_STORAGE
BND-70062,MAT-10044,B-10044-01,150,False,,IN_STORAGE
BND-70063,MAT-10044,B-10044-02,70,False,,IN_STORAGE
BND-70064,MAT-10044,B-10044-02,70,False,,IN_STORAGE
BND-70065,MAT-10045,B-10045-01,200,True,2026-09-17,SENT_TO_LOGISTICS
BND-70066,MAT-10045,B-10045-02,40,False,,IN_STORAGE
BND-70067,MAT-10046,B-10046-01,80,False,,IN_STORAGE
BND-70068,MAT-10046,B-10046-02,90,False,,IN_STORAGE
BND-70069,MAT-10047,B-10047-01,200,True,2026-09-19,SENT_TO_LOGISTICS
BND-70070,MAT-10047,B-10047-02,140,True,2026-09-19,LOADED
BND-70071,MAT-10048,B-10048-01,60,False,,IN_STORAGE
BND-70072,MAT-10048,B-10048-02,60,False,,IN_STORAGE
BND-70073,MAT-10049,B-10049-01,200,False,,IN_STORAGE
BND-70074,MAT-10049,B-10049-02,40,False,,IN_STORAGE
BND-70075,MAT-10050,B-10050-01,60,False,,IN_STORAGE
BND-70076,MAT-10050,B-10050-01,60,False,,IN_STORAGE
BND-70077,MAT-10050,B-10050-02,60,False,,IN_STORAGE
BND-70078,MAT-10051,B-10051-01,120,False,,IN_STORAGE
BND-70079,MAT-10051,B-10051-02,90,False,,IN_STORAGE
BND-9031,MAT-10018,B-10018-01,400,True,2026-09-20,LOADED
BND-9032A,MAT-10032,B-10032-01,150,False,,IN_STORAGE
BND-9032B,MAT-10032,B-10032-02,90,True,2026-09-20,SENT_TO_LOGISTICS
BND-9033,MAT-10036,B-10036-01,80,True,2026-09-20,SENT_TO_LOGISTICS
BND-9034A,MAT-10033,B-10033-01,150,False,,IN_STORAGE
BND-9034B,MAT-10033,B-10033-02,140,False,,IN_STORAGE
BND-9035A,MAT-10013,B-10013-01,90,True,2026-09-20,SENT_TO_LOGISTICS
BND-9035B,MAT-10014,B-10014-01,60,True,2026-09-20,SENT_TO_LOGISTICS
BND-9036,MAT-10034,B-10034-01,150,False,,IN_STORAGE
BND-9036B,MAT-10034,B-10034-02,110,False,,IN_STORAGE
BND-9037A,MAT-10019,B-10019-01,90,True,2026-09-20,SENT_TO_LOGISTICS
BND-9037B,MAT-10019,B-10019-01,90,True,2026-09-20,SENT_TO_LOGISTICS
BND-9037C,MAT-10019,B-10019-01,70,True,2026-09-20,SENT_TO_LOGISTICS
BND-9038,MAT-10035,B-10035-01,80,True,2026-09-20,SENT_TO_LOGISTICS
