transaction_id,material_id,transaction_type,quantity,batch_id,source_location,destination_location,transaction_date,reference_document,operator_id
TXN-900001,MAT-10001,GOODS_RECEIPT,1000,B-10001-01,,RM-A1,2026-08-14,PO-7801,OP-101
TXN-900002,MAT-10001,GOODS_RECEIPT,1000,B-10001-01,,RM-A1,2026-08-14,PO-7801,OP-101
TXN-900003,MAT-10002,GOODS_RECEIPT,5000,B-10002-01,,RM-B1,2026-08-24,PO-7822,OP-103
TXN-900004,MAT-10003,GOODS_RECEIPT,240,B-10003-01,,RM-A2,2026-09-07,PO-7803,OP-104
TXN-900005,MAT-10004,GOODS_RECEIPT,500,B-10004-01,,RM-A1,2026-08-27,PO-7804,OP-105
TXN-900006,MAT-10004,PRODUCTION_ISSUE,-40,B-10004-01,RM-A1,PROD-LINE-2,2026-09-11,WO-5502,OP-112
TXN-900007,MAT-10005,GOODS_RECEIPT,500,B-10005-01,,RM-A1,2026-08-27,PO-7805,OP-105
TXN-900008,MAT-10006,GOODS_RECEIPT,2100,B-10006-01,,FG-D1,2026-08-22,PO-7806,OP-106
TXN-900009,MAT-10006,PRODUCTION_ISSUE,-40,B-10006-01,FG-D1,PROD-LINE-1,2026-09-09,WO-5503,OP-113
TXN-900010,MAT-10007,GOODS_RECEIPT,150,B-10007-01,,WH-C1,2026-09-03,PO-7807,OP-107
TXN-900011,MAT-10008,GOODS_RECEIPT,300,B-10008-01,,RM-B2,2026-09-07,PO-7841,OP-108
TXN-900013,MAT-10009,GOODS_RECEIPT,100,B-10009-01,,RM-B1,2026-09-06,PO-7809,OP-109
TXN-900014,MAT-10010,GOODS_RECEIPT,180,B-10010-01,,QC-HOLD,2026-09-04,PO-7810,OP-110
TXN-900015,MAT-10011,GOODS_RECEIPT,600,B-10011-01,,RM-A1,2026-08-30,PO-7811,OP-111
TXN-900016,MAT-10011,PRODUCTION_ISSUE,-50,B-10011-01,RM-A1,PROD-LINE-3,2026-09-06,WO-5505,OP-114
TXN-900017,MAT-10011,RETURN,20,B-10011-01,PROD-LINE-3,RM-A1,2026-09-14,WO-5505-RET,OP-114
TXN-900018,MAT-10012,GOODS_RECEIPT,600,B-10012-01,,RM-A1,2026-08-30,PO-7823,OP-111
TXN-900019,MAT-10012,PRODUCTION_ISSUE,-50,B-10012-01,RM-A1,PROD-LINE-3,2026-09-06,WO-5506,OP-114
TXN-900020,MAT-10013,GOODS_RECEIPT,90,B-10013-01,,RM-B1,2026-09-08,PO-7813,OP-115
TXN-900021,MAT-10014,GOODS_RECEIPT,60,B-10014-01,,RM-B1,2026-09-12,PO-7814,OP-115
TXN-900022,MAT-10015,GOODS_RECEIPT,850,B-10015-01,,RM-B2,2026-08-02,PO-7815,OP-116
TXN-900023,MAT-10015,PRODUCTION_ISSUE,-50,B-10015-01,RM-B2,PROD-LINE-2,2026-09-01,WO-5508,OP-116
TXN-900024,MAT-10016,GOODS_RECEIPT,300,B-10016-01,,RM-A2,2026-08-27,PO-7816,OP-117
TXN-900025,MAT-10016,TRANSFER,300,B-10016-01,RM-A2,WH-C1,2026-09-11,TR-3301,OP-117
TXN-900026,MAT-10017,GOODS_RECEIPT,200,B-10017-01,,RM-B1,2026-08-17,PO-7817,OP-118
TXN-900027,MAT-10017,ADJUSTMENT,25,B-10017-01,,RM-B1,2026-09-15,ADJ-8801,OP-118
TXN-900028,MAT-10018,GOODS_RECEIPT,400,B-10018-01,,WH-C2,2026-09-09,PO-7818,OP-119
TXN-900029,MAT-10019,GOODS_RECEIPT,250,B-10019-01,,WH-C2,2026-09-11,PO-7819,OP-120
TXN-900030,MAT-10020,GOODS_RECEIPT,500,B-10020-01,,FG-D2,2026-09-01,PO-7820,OP-121
TXN-900031,MAT-10021,GOODS_RECEIPT,500,B-10021-01,,FG-D2,2026-09-01,PO-7821,OP-121
TXN-900032,MAT-10022,GOODS_RECEIPT,750,B-10022-01,,RM-B1,2026-08-22,PO-7830,OP-122
TXN-900033,MAT-10022,PRODUCTION_ISSUE,-30,B-10022-01,RM-B1,PROD-LINE-1,2026-09-09,WO-5510,OP-122
TXN-900034,MAT-10022,TRANSFER,-20,B-10022-01,RM-B1,WH-C1,2026-09-13,TR-3305,OP-122
TXN-900035,MAT-10023,GOODS_RECEIPT,120,B-10023-01,,RM-B2,2026-08-12,PO-7831,OP-123
TXN-900036,MAT-10024,GOODS_RECEIPT,320,B-10024-01,,RM-A1,2026-09-07,PO-7824,OP-124
TXN-900037,MAT-10024,PRODUCTION_ISSUE,-25,B-10024-01,RM-A1,PROD-LINE-2,2026-09-18,WO-5512,OP-124
TXN-900038,MAT-10025,GOODS_RECEIPT,180,B-10025-01,,FG-D1,2026-08-27,PO-7825,OP-125
TXN-900039,MAT-10026,GOODS_RECEIPT,320,B-10026-01,,RM-A1,2026-09-07,PO-7826,OP-124
TXN-900040,MAT-10027,GOODS_RECEIPT,400,B-10027-01,,RM-B2,2026-09-03,PO-7827,OP-126
TXN-900041,MAT-10028,GOODS_RECEIPT,400,B-10028-01,,RM-B2,2026-09-03,PO-7828,OP-126
TXN-900042,MAT-10029,GOODS_RECEIPT,180,B-10029-01,,WH-C1,2026-09-05,PO-7829,OP-127
TXN-900043,MAT-10030,GOODS_RECEIPT,180,B-10030-01,,WH-C1,2026-09-05,PO-7832,OP-127
TXN-900044,MAT-10031,GOODS_RECEIPT,300,B-10031-01,,RM-A2,2026-08-27,PO-7833,OP-117
TXN-900045,MAT-10032,GOODS_RECEIPT,150,B-10032-01,,RM-A1,2026-07-27,PO-7910,OP-117
TXN-900046,MAT-10032,GOODS_RECEIPT,90,B-10032-02,,RM-B2,2026-08-15,PO-7910,OP-105
TXN-900047,MAT-10032,PRODUCTION_ISSUE,-18,B-10032-01,RM-A1,PROD-LINE-1,2026-08-04,WO-5700,OP-102
TXN-900048,MAT-10032,RETURN,18,B-10032-01,PROD-LINE-1,RM-A1,2026-08-08,WO-5700-RET,OP-102
TXN-900049,MAT-10032,SCRAP,-9,B-10032-02,RM-B2,,2026-08-21,SCR-6800,OP-102
TXN-900050,MAT-10032,ADJUSTMENT,9,B-10032-02,,RM-B2,2026-08-22,ADJ-8900,OP-102
TXN-900051,MAT-10033,GOODS_RECEIPT,150,B-10033-01,,RM-A2,2026-07-23,PO-7911,OP-107
TXN-900052,MAT-10033,GOODS_RECEIPT,140,B-10033-02,,WH-C1,2026-08-09,PO-7911,OP-106
TXN-900053,MAT-10033,PRODUCTION_ISSUE,-18,B-10033-01,RM-A2,PROD-LINE-1,2026-07-31,WO-5701,OP-120
TXN-900054,MAT-10033,RETURN,18,B-10033-01,PROD-LINE-1,RM-A2,2026-08-04,WO-5701-RET,OP-120
TXN-900055,MAT-10034,GOODS_RECEIPT,150,B-10034-01,,RM-B1,2026-08-06,PO-7912,OP-102
TXN-900056,MAT-10034,GOODS_RECEIPT,110,B-10034-02,,WH-C2,2026-08-19,PO-7912,OP-115
TXN-900057,MAT-10034,PRODUCTION_ISSUE,-18,B-10034-01,RM-B1,PROD-LINE-1,2026-08-14,WO-5702,OP-104
TXN-900058,MAT-10034,RETURN,18,B-10034-01,PROD-LINE-1,RM-B1,2026-08-18,WO-5702-RET,OP-104
TXN-900059,MAT-10034,SCRAP,-11,B-10034-02,WH-C2,,2026-08-25,SCR-6802,OP-104
TXN-900060,MAT-10034,ADJUSTMENT,11,B-10034-02,,WH-C2,2026-08-26,ADJ-8902,OP-104
TXN-900061,MAT-10035,GOODS_RECEIPT,80,B-10035-01,,RM-B2,2026-08-02,PO-7913,OP-111
TXN-900062,MAT-10035,GOODS_RECEIPT,110,B-10035-02,,FG-D1,2026-08-14,PO-7913,OP-113
TXN-900063,MAT-10035,PRODUCTION_ISSUE,-10,B-10035-01,RM-B2,PROD-LINE-1,2026-08-10,WO-5703,OP-101
TXN-900064,MAT-10035,RETURN,10,B-10035-01,PROD-LINE-1,RM-B2,2026-08-14,WO-5703-RET,OP-101
TXN-900065,MAT-10036,GOODS_RECEIPT,80,B-10036-01,,WH-C1,2026-07-07,PO-7914,OP-106
TXN-900066,MAT-10036,GOODS_RECEIPT,60,B-10036-02,,FG-D2,2026-07-22,PO-7914,OP-117
TXN-900067,MAT-10036,PRODUCTION_ISSUE,-10,B-10036-01,WH-C1,PROD-LINE-1,2026-07-15,WO-5704,OP-113
TXN-900068,MAT-10036,RETURN,10,B-10036-01,PROD-LINE-1,WH-C1,2026-07-19,WO-5704-RET,OP-113
TXN-900069,MAT-10036,SCRAP,-6,B-10036-02,FG-D2,,2026-07-28,SCR-6804,OP-113
TXN-900070,MAT-10036,ADJUSTMENT,6,B-10036-02,,FG-D2,2026-07-29,ADJ-8904,OP-113
TXN-900071,MAT-10037,GOODS_RECEIPT,80,B-10037-01,,WH-C2,2026-07-16,PO-7915,OP-105
TXN-900072,MAT-10037,GOODS_RECEIPT,40,B-10037-02,,STAGING-1,2026-08-05,PO-7915,OP-112
TXN-900073,MAT-10037,PRODUCTION_ISSUE,-10,B-10037-01,WH-C2,PROD-LINE-1,2026-07-24,WO-5705,OP-104
TXN-900074,MAT-10037,RETURN,10,B-10037-01,PROD-LINE-1,WH-C2,2026-07-28,WO-5705-RET,OP-104
TXN-900075,MAT-10038,GOODS_RECEIPT,150,B-10038-01,,FG-D1,2026-07-22,PO-7916,OP-103
TXN-900076,MAT-10038,GOODS_RECEIPT,140,B-10038-02,,STAGING-2,2026-08-11,PO-7916,OP-107
TXN-900077,MAT-10038,PRODUCTION_ISSUE,-18,B-10038-01,FG-D1,PROD-LINE-1,2026-07-30,WO-5706,OP-104
TXN-900078,MAT-10038,RETURN,18,B-10038-01,PROD-LINE-1,FG-D1,2026-08-03,WO-5706-RET,OP-104
TXN-900079,MAT-10038,SCRAP,-14,B-10038-02,STAGING-2,,2026-08-17,SCR-6806,OP-104
TXN-900080,MAT-10038,ADJUSTMENT,14,B-10038-02,,STAGING-2,2026-08-18,ADJ-8906,OP-104
TXN-900081,MAT-10039,GOODS_RECEIPT,120,B-10039-01,,FG-D2,2026-07-29,PO-7917,OP-103
TXN-900082,MAT-10039,GOODS_RECEIPT,140,B-10039-02,,RM-A1,2026-08-18,PO-7917,OP-109
TXN-900083,MAT-10039,PRODUCTION_ISSUE,-15,B-10039-01,FG-D2,PROD-LINE-1,2026-08-06,WO-5707,OP-102
TXN-900084,MAT-10039,RETURN,15,B-10039-01,PROD-LINE-1,FG-D2,2026-08-10,WO-5707-RET,OP-102
TXN-900085,MAT-10040,GOODS_RECEIPT,120,B-10040-01,,STAGING-1,2026-07-14,PO-7918,OP-104
TXN-900086,MAT-10040,GOODS_RECEIPT,40,B-10040-02,,RM-A2,2026-07-24,PO-7918,OP-102
TXN-900087,MAT-10040,PRODUCTION_ISSUE,-15,B-10040-01,STAGING-1,PROD-LINE-1,2026-07-22,WO-5708,OP-105
TXN-900088,MAT-10040,RETURN,15,B-10040-01,PROD-LINE-1,STAGING-1,2026-07-26,WO-5708-RET,OP-105
TXN-900089,MAT-10040,SCRAP,-4,B-10040-02,RM-A2,,2026-07-30,SCR-6808,OP-105
TXN-900090,MAT-10040,ADJUSTMENT,4,B-10040-02,,RM-A2,2026-07-31,ADJ-8908,OP-105
TXN-900091,MAT-10041,GOODS_RECEIPT,120,B-10041-01,,STAGING-2,2026-07-17,PO-7919,OP-110
TXN-900092,MAT-10041,GOODS_RECEIPT,110,B-10041-02,,RM-B1,2026-08-02,PO-7919,OP-110
TXN-900093,MAT-10041,PRODUCTION_ISSUE,-15,B-10041-01,STAGING-2,PROD-LINE-1,2026-07-25,WO-5709,OP-120
TXN-900094,MAT-10041,RETURN,15,B-10041-01,PROD-LINE-1,STAGING-2,2026-07-29,WO-5709-RET,OP-120
TXN-900095,MAT-10042,GOODS_RECEIPT,60,B-10042-01,,RM-A1,2026-07-14,PO-7920,OP-119
TXN-900096,MAT-10042,GOODS_RECEIPT,110,B-10042-02,,RM-B2,2026-07-28,PO-7920,OP-115
TXN-900097,MAT-10042,PRODUCTION_ISSUE,-7,B-10042-01,RM-A1,PROD-LINE-1,2026-07-22,WO-5710,OP-110
TXN-900098,MAT-10042,RETURN,7,B-10042-01,PROD-LINE-1,RM-A1,2026-07-26,WO-5710-RET,OP-110
TXN-900099,MAT-10042,SCRAP,-11,B-10042-02,RM-B2,,2026-08-03,SCR-6810,OP-110
TXN-900100,MAT-10042,ADJUSTMENT,11,B-10042-02,,RM-B2,2026-08-04,ADJ-8910,OP-110
TXN-900101,MAT-10043,GOODS_RECEIPT,150,B-10043-01,,RM-A2,2026-07-14,PO-7921,OP-106
TXN-900102,MAT-10043,GOODS_RECEIPT,140,B-10043-02,,WH-C1,2026-08-02,PO-7921,OP-113
TXN-900103,MAT-10043,PRODUCTION_ISSUE,-18,B-10043-01,RM-A2,PROD-LINE-1,2026-07-22,WO-5711,OP-113
TXN-900104,MAT-10043,RETURN,18,B-10043-01,PROD-LINE-1,RM-A2,2026-07-26,WO-5711-RET,OP-113
TXN-900105,MAT-10044,GOODS_RECEIPT,150,B-10044-01,,RM-B1,2026-07-25,PO-7922,OP-108
TXN-900106,MAT-10044,GOODS_RECEIPT,140,B-10044-02,,WH-C2,2026-08-07,PO-7922,OP-117
TXN-900107,MAT-10044,PRODUCTION_ISSUE,-18,B-10044-01,RM-B1,PROD-LINE-1,2026-08-02,WO-5712,OP-118
TXN-900108,MAT-10044,RETURN,18,B-10044-01,PROD-LINE-1,RM-B1,2026-08-06,WO-5712-RET,OP-118
TXN-900109,MAT-10044,SCRAP,-14,B-10044-02,WH-C2,,2026-08-13,SCR-6812,OP-118
TXN-900110,MAT-10044,ADJUSTMENT,14,B-10044-02,,WH-C2,2026-08-14,ADJ-8912,OP-118
TXN-900111,MAT-10045,GOODS_RECEIPT,200,B-10045-01,,RM-B2,2026-08-04,PO-7923,OP-104
TXN-900112,MAT-10045,GOODS_RECEIPT,40,B-10045-02,,FG-D1,2026-08-24,PO-7923,OP-101
TXN-900113,MAT-10045,PRODUCTION_ISSUE,-25,B-10045-01,RM-B2,PROD-LINE-1,2026-08-12,WO-5713,OP-110
TXN-900114,MAT-10045,RETURN,25,B-10045-01,PROD-LINE-1,RM-B2,2026-08-16,WO-5713-RET,OP-110
TXN-900115,MAT-10046,GOODS_RECEIPT,80,B-10046-01,,WH-C1,2026-07-08,PO-7924,OP-102
TXN-900116,MAT-10046,GOODS_RECEIPT,90,B-10046-02,,FG-D2,2026-07-23,PO-7924,OP-106
TXN-900117,MAT-10046,PRODUCTION_ISSUE,-10,B-10046-01,WH-C1,PROD-LINE-1,2026-07-16,WO-5714,OP-101
TXN-900118,MAT-10046,RETURN,10,B-10046-01,PROD-LINE-1,WH-C1,2026-07-20,WO-5714-RET,OP-101
TXN-900119,MAT-10046,SCRAP,-9,B-10046-02,FG-D2,,2026-07-29,SCR-6814,OP-101
TXN-900120,MAT-10046,ADJUSTMENT,9,B-10046-02,,FG-D2,2026-07-30,ADJ-8914,OP-101
TXN-900121,MAT-10047,GOODS_RECEIPT,200,B-10047-01,,WH-C2,2026-07-26,PO-7925,OP-118
TXN-900122,MAT-10047,GOODS_RECEIPT,140,B-10047-02,,STAGING-1,2026-08-12,PO-7925,OP-101
TXN-900123,MAT-10047,PRODUCTION_ISSUE,-25,B-10047-01,WH-C2,PROD-LINE-1,2026-08-03,WO-5715,OP-110
TXN-900124,MAT-10047,RETURN,25,B-10047-01,PROD-LINE-1,WH-C2,2026-08-07,WO-5715-RET,OP-110
TXN-900125,MAT-10048,GOODS_RECEIPT,60,B-10048-01,,FG-D1,2026-07-19,PO-7926,OP-108
TXN-900126,MAT-10048,GOODS_RECEIPT,60,B-10048-02,,STAGING-2,2026-07-31,PO-7926,OP-116
TXN-900127,MAT-10048,PRODUCTION_ISSUE,-7,B-10048-01,FG-D1,PROD-LINE-1,2026-07-27,WO-5716,OP-112
TXN-900128,MAT-10048,RETURN,7,B-10048-01,PROD-LINE-1,FG-D1,2026-07-31,WO-5716-RET,OP-112
TXN-900129,MAT-10048,SCRAP,-6,B-10048-02,STAGING-2,,2026-08-06,SCR-6816,OP-112
TXN-900130,MAT-10048,ADJUSTMENT,6,B-10048-02,,STAGING-2,2026-08-07,ADJ-8916,OP-112
TXN-900131,MAT-10049,GOODS_RECEIPT,200,B-10049-01,,FG-D2,2026-07-21,PO-7927,OP-108
TXN-900132,MAT-10049,GOODS_RECEIPT,40,B-10049-02,,RM-A1,2026-08-03,PO-7927,OP-114
TXN-900133,MAT-10049,PRODUCTION_ISSUE,-25,B-10049-01,FG-D2,PROD-LINE-1,2026-07-29,WO-5717,OP-118
TXN-900134,MAT-10049,RETURN,25,B-10049-01,PROD-LINE-1,FG-D2,2026-08-02,WO-5717-RET,OP-118
TXN-900135,MAT-10050,GOODS_RECEIPT,120,B-10050-01,,STAGING-1,2026-07-17,PO-7928,OP-119
TXN-900136,MAT-10050,GOODS_RECEIPT,60,B-10050-02,,RM-A2,2026-08-06,PO-7928,OP-105
TXN-900137,MAT-10050,PRODUCTION_ISSUE,-15,B-10050-01,STAGING-1,PROD-LINE-1,2026-07-25,WO-5718,OP-108
TXN-900138,MAT-10050,RETURN,15,B-10050-01,PROD-LINE-1,STAGING-1,2026-07-29,WO-5718-RET,OP-108
TXN-900139,MAT-10050,SCRAP,-6,B-10050-02,RM-A2,,2026-08-12,SCR-6818,OP-108
TXN-900140,MAT-10050,ADJUSTMENT,6,B-10050-02,,RM-A2,2026-08-13,ADJ-8918,OP-108
TXN-900141,MAT-10051,GOODS_RECEIPT,120,B-10051-01,,STAGING-2,2026-08-07,PO-7929,OP-114
TXN-900142,MAT-10051,GOODS_RECEIPT,90,B-10051-02,,RM-B1,2026-08-24,PO-7929,OP-117
TXN-900143,MAT-10051,PRODUCTION_ISSUE,-15,B-10051-01,STAGING-2,PROD-LINE-1,2026-08-15,WO-5719,OP-114
TXN-900144,MAT-10051,RETURN,15,B-10051-01,PROD-LINE-1,STAGING-2,2026-08-19,WO-5719-RET,OP-114
TXN-900145,MAT-10032,TRANSFER,-5,B-10032-01,RM-A1,STAGING-1,2026-09-15,TR-3400,OP-104
TXN-900146,MAT-10032,TRANSFER,5,B-10032-01,STAGING-1,RM-A1,2026-09-16,TR-3400-B,OP-104
TXN-900147,MAT-10034,TRANSFER,-10,B-10034-01,RM-B1,STAGING-1,2026-09-15,TR-3402,OP-113
TXN-900148,MAT-10034,TRANSFER,10,B-10034-01,STAGING-1,RM-B1,2026-09-16,TR-3402-B,OP-113
TXN-900149,MAT-10036,TRANSFER,-10,B-10036-01,WH-C1,STAGING-1,2026-09-15,TR-3404,OP-104
TXN-900150,MAT-10036,TRANSFER,10,B-10036-01,STAGING-1,WH-C1,2026-09-16,TR-3404-B,OP-104
TXN-900151,MAT-10038,TRANSFER,-5,B-10038-01,FG-D1,STAGING-1,2026-09-15,TR-3406,OP-114
TXN-900152,MAT-10038,TRANSFER,5,B-10038-01,STAGING-1,FG-D1,2026-09-16,TR-3406-B,OP-114
TXN-900153,MAT-10040,TRANSFER,-12,B-10040-01,STAGING-1,STAGING-1,2026-09-15,TR-3408,OP-108
TXN-900154,MAT-10040,TRANSFER,12,B-10040-01,STAGING-1,STAGING-1,2026-09-16,TR-3408-B,OP-108
TXN-900155,MAT-10042,TRANSFER,-10,B-10042-01,RM-A1,STAGING-1,2026-09-15,TR-3410,OP-115
TXN-900156,MAT-10042,TRANSFER,10,B-10042-01,STAGING-1,RM-A1,2026-09-16,TR-3410-B,OP-115
