snapshot_date,material_id,batch_id,quantity,verified_by,source
2026-09-06,MAT-10002,B-10002-01,5000,OP-103,CYCLE_COUNT
2026-09-06,MAT-10006,B-10006-01,2100,OP-106,CYCLE_COUNT
2026-09-06,MAT-10022,B-10022-01,750,OP-122,CYCLE_COUNT
2026-08-22,MAT-10023,B-10023-01,120,OP-123,GOODS_RECEIPT
2026-09-06,MAT-10025,B-10025-01,160,OP-125,CYCLE_COUNT
2026-08-22,MAT-10032,B-10032-01,150,OP-119,CYCLE_COUNT
2026-09-06,MAT-10033,B-10033-01,150,OP-111,CYCLE_COUNT
2026-09-15,MAT-10034,B-10034-01,150,OP-110,CYCLE_COUNT
2026-08-22,MAT-10035,B-10035-01,80,OP-113,CYCLE_COUNT
2026-09-06,MAT-10036,B-10036-01,80,OP-106,CYCLE_COUNT
2026-09-15,MAT-10037,B-10037-01,80,OP-115,CYCLE_COUNT
2026-08-22,MAT-10038,B-10038-01,150,OP-118,CYCLE_COUNT
2026-09-06,MAT-10039,B-10039-01,120,OP-116,CYCLE_COUNT
2026-09-15,MAT-10040,B-10040-01,120,OP-107,CYCLE_COUNT
2026-08-22,MAT-10041,B-10041-01,120,OP-102,CYCLE_COUNT
2026-09-06,MAT-10042,B-10042-01,60,OP-113,CYCLE_COUNT
2026-09-15,MAT-10043,B-10043-01,150,OP-104,CYCLE_COUNT
2026-08-22,MAT-10044,B-10044-01,150,OP-104,CYCLE_COUNT
2026-09-06,MAT-10045,B-10045-01,200,OP-115,CYCLE_COUNT
2026-09-15,MAT-10046,B-10046-01,80,OP-111,CYCLE_COUNT
2026-08-22,MAT-10047,B-10047-01,200,OP-114,CYCLE_COUNT
2026-09-06,MAT-10048,B-10048-01,60,OP-120,CYCLE_COUNT
2026-09-15,MAT-10049,B-10049-01,200,OP-107,CYCLE_COUNT
2026-08-22,MAT-10050,B-10050-01,120,OP-102,CYCLE_COUNT
2026-09-06,MAT-10051,B-10051-01,120,OP-112,CYCLE_COUNT
