event_id,event_date,event_type,material_id,description,reference_id,status
EVT-6001,2026-07-31,WAREHOUSE_RECOUNT,MAT-10002,"Routine quarterly recount, no variance noted",WR-1180,CLOSED
EVT-6002,2026-07-13,CYCLE_COUNT,MAT-10005,"Routine quarterly cycle count, no variance",CC-880,CLOSED
EVT-6003,2026-09-06,CYCLE_COUNT,MAT-10006,Cycle count confirms on-hand balance,CC-891,CLOSED
EVT-6004,2026-07-23,STOCK_ADJUSTMENT,MAT-10009,"Minor packaging adjustment, unrelated to count method",ADJ-8750,CLOSED
EVT-6005,2026-09-15,QUALITY_HOLD,MAT-10010,Batch placed on quality hold pending lab adhesion test,QH-3310,OPEN
EVT-6006,2026-09-14,RETURN,MAT-10011,Excess material returned from production line to raw material store,WO-5505-RET,CLOSED
EVT-6007,2026-06-18,QUALITY_HOLD,MAT-10012,"Historical quality hold, resolved and released",QH-2200,CLOSED
EVT-6008,2026-05-04,RETURN,MAT-10015,"Historical supplier return, fully processed and closed",SR-1100,CLOSED
EVT-6009,2026-07-03,SUPPLIER_CORRECTION,MAT-10017,Unrelated supplier master field correction,SC-4410,CLOSED
EVT-6010,2026-09-19,WAREHOUSE_RECOUNT,MAT-10020,"Recount confirms 460, variance against ERP unresolved",WR-1201,OPEN
EVT-6011,2026-09-13,WAREHOUSE_RECOUNT,MAT-10022,"Recount of RM-B1 shelf, no destination-side receipt found yet",WR-1210,OPEN
EVT-6012,2026-08-27,SUPPLIER_CORRECTION,MAT-10023,Supplier record corrected from SUP-406 to SUP-409 following vendor master update; original GR mis-tagged at receipt,PO-7831,CLOSED
EVT-6013,2026-09-12,STOCK_ADJUSTMENT,MAT-10025,"Quantity adjusted per floor supervisor instruction, awaiting written confirmation",VERBAL-0091,OPEN
EVT-6014,2026-08-30,CYCLE_COUNT,MAT-10032,"Routine cycle count, balance confirmed",CC-9000,CLOSED
EVT-6015,2026-07-01,WAREHOUSE_RECOUNT,MAT-10033,"Routine warehouse recount, no variance",WR-9101,CLOSED
EVT-6016,2026-07-03,RETURN,MAT-10034,Minor supplier return processed and closed,SR-9302,CLOSED
EVT-6017,2026-08-28,CYCLE_COUNT,MAT-10035,"Routine cycle count, balance confirmed",CC-9003,CLOSED
EVT-6018,2026-08-02,SUPPLIER_CORRECTION,MAT-10035,Supplier master field corrected after vendor consolidation,SC-9403,CLOSED
EVT-6019,2026-08-18,WAREHOUSE_RECOUNT,MAT-10036,"Routine warehouse recount, no variance",WR-9104,CLOSED
EVT-6020,2026-08-10,QUALITY_HOLD,MAT-10036,"Batch held for routine inspection, later released",QH-9504,CLOSED
EVT-6021,2026-08-11,CYCLE_COUNT,MAT-10038,"Routine cycle count, balance confirmed",CC-9006,CLOSED
EVT-6022,2026-08-16,RETURN,MAT-10038,Minor supplier return processed and closed,SR-9306,CLOSED
EVT-6023,2026-06-23,WAREHOUSE_RECOUNT,MAT-10039,"Routine warehouse recount, no variance",WR-9107,CLOSED
EVT-6024,2026-09-10,CYCLE_COUNT,MAT-10041,"Routine cycle count, balance confirmed",CC-9009,CLOSED
EVT-6025,2026-07-05,SUPPLIER_CORRECTION,MAT-10041,Supplier master field corrected after vendor consolidation,SC-9409,CLOSED
EVT-6026,2026-07-18,WAREHOUSE_RECOUNT,MAT-10042,"Routine warehouse recount, no variance",WR-9110,CLOSED
EVT-6027,2026-07-20,RETURN,MAT-10042,Minor supplier return processed and closed,SR-9310,CLOSED
EVT-6028,2026-07-07,QUALITY_HOLD,MAT-10043,"Batch held for routine inspection, later released",QH-9511,CLOSED
EVT-6029,2026-07-30,CYCLE_COUNT,MAT-10044,"Routine cycle count, balance confirmed",CC-9012,CLOSED
EVT-6030,2026-08-15,WAREHOUSE_RECOUNT,MAT-10045,"Routine warehouse recount, no variance",WR-9113,CLOSED
EVT-6031,2026-07-12,RETURN,MAT-10046,Minor supplier return processed and closed,SR-9314,CLOSED
EVT-6032,2026-08-05,CYCLE_COUNT,MAT-10047,"Routine cycle count, balance confirmed",CC-9015,CLOSED
EVT-6033,2026-08-07,SUPPLIER_CORRECTION,MAT-10047,Supplier master field corrected after vendor consolidation,SC-9415,CLOSED
EVT-6034,2026-06-23,WAREHOUSE_RECOUNT,MAT-10048,"Routine warehouse recount, no variance",WR-9116,CLOSED
EVT-6035,2026-09-08,CYCLE_COUNT,MAT-10050,"Routine cycle count, balance confirmed",CC-9018,CLOSED
EVT-6036,2026-08-12,RETURN,MAT-10050,Minor supplier return processed and closed,SR-9318,CLOSED
EVT-6037,2026-06-21,QUALITY_HOLD,MAT-10050,"Batch held for routine inspection, later released",QH-9518,CLOSED
EVT-6038,2026-07-24,WAREHOUSE_RECOUNT,MAT-10051,"Routine warehouse recount, no variance",WR-9119,CLOSED
EVT-6039,2026-08-14,CYCLE_COUNT,MAT-10032,"Supplemental cycle count, balance confirmed",CC-9600,CLOSED
EVT-6040,2026-09-13,CYCLE_COUNT,MAT-10036,"Supplemental cycle count, balance confirmed",CC-9604,CLOSED
EVT-6041,2026-09-04,CYCLE_COUNT,MAT-10040,"Supplemental cycle count, balance confirmed",CC-9608,CLOSED
EVT-7001,2026-09-19,WAREHOUSE_RECOUNT,MAT-10032,Batch B-10032-02 pending verification recount before dispatch clearance,WR-1301,OPEN
EVT-7002,2026-09-20,INVENTORY_RECONCILIATION,MAT-10034,"Logistics reports bundle BND-9036-PHANTOM dispatched for this material; no matching bundle record found in warehouse or ERP systems, pending trace",BND-9036-PHANTOM,OPEN
EVT-7003,2026-09-18,INVENTORY_RECONCILIATION,MAT-10035,"Customer waiver on file for container CNT-5208 accepting GRADE_B as an approved substitute for GRADE_A on this order, per order amendment",CNT-5208,CLOSED
