po_number,supplier_id,material_id,ordered_quantity,received_quantity,expected_delivery_date,actual_delivery_date,po_status
PO-7801,SUP-401,MAT-10001,1000,1000,2026-08-09,2026-08-14,RECEIVED
PO-7822,SUP-418,MAT-10002,5000,5000,2026-08-19,2026-08-24,RECEIVED
PO-7803,SUP-402,MAT-10003,240,240,2026-09-02,2026-09-07,RECEIVED
PO-7804,SUP-403,MAT-10004,500,500,2026-08-22,2026-08-27,RECEIVED
PO-7805,SUP-403,MAT-10005,500,500,2026-08-22,2026-08-27,RECEIVED
PO-7806,SUP-404,MAT-10006,2100,2100,2026-08-17,2026-08-22,RECEIVED
PO-7807,SUP-405,MAT-10007,150,150,2026-08-29,2026-09-03,RECEIVED
PO-7841,SUP-403,MAT-10008,300,300,2026-09-02,2026-09-07,RECEIVED
PO-7812,SUP-406,MAT-10009,80,80,2026-07-28,2026-08-02,CLOSED
PO-7809,SUP-406,MAT-10009,100,100,2026-09-01,2026-09-06,RECEIVED
PO-7810,SUP-407,MAT-10010,180,180,2026-08-30,2026-09-04,RECEIVED
PO-7811,SUP-408,MAT-10011,600,600,2026-08-25,2026-08-30,RECEIVED
PO-7823,SUP-408,MAT-10012,600,600,2026-08-25,2026-08-30,RECEIVED
PO-7813,SUP-409,MAT-10013,90,90,2026-09-03,2026-09-08,RECEIVED
PO-7814,SUP-409,MAT-10014,60,60,2026-09-08,2026-09-12,RECEIVED
PO-7815,SUP-410,MAT-10015,850,850,2026-07-28,2026-08-02,RECEIVED
PO-7816,SUP-411,MAT-10016,300,300,2026-08-22,2026-08-27,RECEIVED
PO-7817,SUP-412,MAT-10017,200,200,2026-08-12,2026-08-17,RECEIVED
PO-7818,SUP-413,MAT-10018,400,400,2026-09-04,2026-09-09,RECEIVED
PO-7819,SUP-405,MAT-10019,250,250,2026-09-06,2026-09-11,RECEIVED
PO-7820,SUP-414,MAT-10020,500,500,2026-08-27,2026-09-01,RECEIVED
PO-7821,SUP-414,MAT-10021,500,500,2026-08-27,2026-09-01,RECEIVED
PO-7830,SUP-415,MAT-10022,750,750,2026-08-17,2026-08-22,RECEIVED
PO-7831,SUP-409,MAT-10023,120,120,2026-08-07,2026-08-12,RECEIVED
PO-7824,SUP-416,MAT-10024,320,320,2026-09-02,2026-09-07,RECEIVED
PO-7825,SUP-417,MAT-10025,180,180,2026-08-22,2026-08-27,RECEIVED
PO-7826,SUP-416,MAT-10026,320,320,2026-09-02,2026-09-07,RECEIVED
PO-7827,SUP-419,MAT-10027,400,400,2026-08-29,2026-09-03,RECEIVED
PO-7828,SUP-419,MAT-10028,400,400,2026-08-29,2026-09-03,RECEIVED
PO-7829,SUP-420,MAT-10029,180,180,2026-08-31,2026-09-05,RECEIVED
PO-7832,SUP-420,MAT-10030,180,180,2026-08-31,2026-09-05,RECEIVED
PO-7833,SUP-411,MAT-10031,300,300,2026-08-22,2026-08-27,RECEIVED
PO-7910,SUP-422,MAT-10032,240,240,2026-07-19,2026-08-15,RECEIVED
PO-7911,SUP-419,MAT-10033,290,290,2026-07-15,2026-08-09,RECEIVED
PO-7912,SUP-420,MAT-10034,260,260,2026-08-01,2026-08-19,RECEIVED
PO-7913,SUP-410,MAT-10035,190,190,2026-07-29,2026-08-14,RECEIVED
PO-7914,SUP-414,MAT-10036,140,140,2026-07-03,2026-07-22,RECEIVED
PO-7915,SUP-401,MAT-10037,120,120,2026-07-08,2026-08-05,RECEIVED
PO-7916,SUP-409,MAT-10038,290,290,2026-07-16,2026-08-11,RECEIVED
PO-7917,SUP-405,MAT-10039,260,260,2026-07-24,2026-08-18,RECEIVED
PO-7918,SUP-411,MAT-10040,160,160,2026-07-06,2026-07-24,RECEIVED
PO-7919,SUP-418,MAT-10041,230,230,2026-07-13,2026-08-02,RECEIVED
PO-7920,SUP-416,MAT-10042,170,170,2026-07-09,2026-07-28,RECEIVED
PO-7921,SUP-415,MAT-10043,290,290,2026-07-10,2026-08-02,RECEIVED
PO-7922,SUP-412,MAT-10044,290,290,2026-07-19,2026-08-07,RECEIVED
PO-7923,SUP-404,MAT-10045,240,240,2026-07-31,2026-08-24,RECEIVED
PO-7924,SUP-417,MAT-10046,170,170,2026-07-03,2026-07-23,RECEIVED
PO-7925,SUP-413,MAT-10047,340,340,2026-07-19,2026-08-12,RECEIVED
PO-7926,SUP-406,MAT-10048,120,120,2026-07-15,2026-07-31,RECEIVED
PO-7927,SUP-421,MAT-10049,240,240,2026-07-16,2026-08-03,RECEIVED
PO-7928,SUP-403,MAT-10050,180,180,2026-07-13,2026-08-06,RECEIVED
PO-7929,SUP-407,MAT-10051,210,210,2026-07-30,2026-08-24,RECEIVED
